id,name,group,real_pct,gameplay_pct
dry_pine_forest,DRY_PINE_FOREST,forest,0.329,1.219
fresh_pine_forest,FRESH_PINE_FOREST,forest,7.988,7.307
coastal_pine_forest,COASTAL_PINE_FOREST,forest,0.043,1.356
moist_pine_forest,MOIST_PINE_FOREST,forest,1.145,0.944
bog_woodland,BOG_WOODLAND,forest,0.346,0.497
mixed_pine_forest,MIXED_PINE_FOREST,forest,2.977,2.583
mixed_forest,MIXED_FOREST,forest,3.279,3.133
oak_hornbeam_forest,OAK_HORNBEAM_FOREST,forest,3.686,3.838
lowland_beech_forest,LOWLAND_BEECH_FOREST,forest,0.961,0.677
alder_carr,ALDER_CARR,forest,0.439,0.472
ash_alder_forest,ASH_ALDER_FOREST,forest,0.175,0.287
willow_poplar_forest,WILLOW_POPLAR_FOREST,forest,0.075,0.234
elm_ash_forest,ELM_ASH_FOREST,forest,0.113,0.113
upland_fir_forest,UPLAND_FIR_FOREST,forest,1.526,0.812
montane_beech_forest,MONTANE_BEECH_FOREST,forest,0.504,0.304
montane_spruce_forest,MONTANE_SPRUCE_FOREST,forest,0.004,0.011
gray_alder_forest,GRAY_ALDER_FOREST,forest,0.317,0.300
dwarf_pine_scrub,DWARF_PINE_SCRUB,forest,0.000,0.000
raised_bog,RAISED_BOG,non_forest,0.280,0.302
fen,FEN,non_forest,0.577,0.486
reedbed,REEDBED,non_forest,0.202,0.176
willow_scrub,WILLOW_SCRUB,non_forest,0.090,0.002
heath,HEATH,non_forest,1.466,1.446
wet_meadow,WET_MEADOW,non_forest,5.656,7.268
hay_meadow,HAY_MEADOW,non_forest,4.297,4.742
arable_land,ARABLE_LAND,non_forest,38.444,35.016
beach,BEACH,non_forest,0.010,0.272
white_dune,WHITE_DUNE,non_forest,0.017,0.412
gray_dune,GRAY_DUNE,non_forest,0.015,0.687
alpine_grassland,ALPINE_GRASSLAND,non_forest,0.000,0.000
sea,SEA,water,23.988,24.206
lagoon,LAGOON,water,0.034,0.155
river,RIVER,water,0.240,0.225
stream,STREAM,water,0.064,0.088
lake,LAKE,water,0.669,0.382
dystrophic_lake,DYSTROPHIC_LAKE,water,0.038,0.045
land_forest_cover,,,31.89,32.16
forest_cover_outwash_plain_interior,,,58.23,57.73
forest_cover_moraine_plateau_interior,,,21.47,19.10
forest_cover_old_glacial_plain_interior,,,23.21,27.86
forest_cover_foothills_interior,,,32.94,26.31
forest_cover_beskids_interior,,,67.57,53.36
forest_cover_coastland_interior,,,24.26,18.19
pine_forests_in_forest,,,53.66,57.73
fresh_site_types_in_forest,,,61.31,59.50
alder_carrs_and_riparian_forests_in_forest,,,4.69,5.84
