id,name,group,real_pct,real_outwash_plain_pct,gameplay_pct,gameplay_outwash_plain_pct
dry_pine_forest,DRY_PINE_FOREST,forest,0.296,1.694,1.123,5.764
fresh_pine_forest,FRESH_PINE_FOREST,forest,11.420,50.918,10.165,42.692
coastal_pine_forest,COASTAL_PINE_FOREST,forest,0.043,0.275,1.479,9.255
moist_pine_forest,MOIST_PINE_FOREST,forest,1.664,8.569,1.413,5.113
bog_woodland,BOG_WOODLAND,forest,0.502,1.220,0.726,1.570
mixed_pine_forest,MIXED_PINE_FOREST,forest,10.582,23.591,9.576,19.113
mixed_forest,MIXED_FOREST,forest,11.484,2.996,11.112,3.264
oak_hornbeam_forest,OAK_HORNBEAM_FOREST,forest,23.595,0.386,23.013,0.570
lowland_beech_forest,LOWLAND_BEECH_FOREST,forest,4.164,0.449,3.869,0.154
alder_carr,ALDER_CARR,forest,2.419,1.090,1.943,1.501
ash_alder_forest,ASH_ALDER_FOREST,forest,1.883,1.618,3.069,2.326
willow_poplar_forest,WILLOW_POPLAR_FOREST,forest,0.490,0.733,1.243,1.966
elm_ash_forest,ELM_ASH_FOREST,forest,2.115,3.944,1.868,2.981
upland_fir_forest,UPLAND_FIR_FOREST,forest,2.587,0.000,1.477,0.000
montane_beech_forest,MONTANE_BEECH_FOREST,forest,0.669,0.000,0.427,0.000
montane_spruce_forest,MONTANE_SPRUCE_FOREST,forest,0.004,0.000,0.012,0.000
gray_alder_forest,GRAY_ALDER_FOREST,forest,0.469,0.009,0.438,0.162
dwarf_pine_scrub,DWARF_PINE_SCRUB,forest,0.000,0.000,0.000,0.000
raised_bog,RAISED_BOG,non_forest,0.124,0.114,0.073,0.133
fen,FEN,non_forest,0.019,0.009,0.066,0.053
reedbed,REEDBED,non_forest,0.202,0.196,0.176,0.089
willow_scrub,WILLOW_SCRUB,non_forest,0.090,0.095,0.002,0.012
heath,HEATH,non_forest,0.100,0.575,0.378,2.095
wet_meadow,WET_MEADOW,non_forest,0.000,0.000,0.000,0.000
hay_meadow,HAY_MEADOW,non_forest,0.000,0.000,0.000,0.000
arable_land,ARABLE_LAND,non_forest,0.000,0.000,0.000,0.000
beach,BEACH,non_forest,0.010,0.000,0.272,0.000
white_dune,WHITE_DUNE,non_forest,0.017,0.000,0.412,0.000
gray_dune,GRAY_DUNE,non_forest,0.015,0.000,0.564,0.012
alpine_grassland,ALPINE_GRASSLAND,non_forest,0.000,0.000,0.000,0.000
sea,SEA,water,23.988,0.000,24.206,0.000
lagoon,LAGOON,water,0.034,0.000,0.155,0.000
river,RIVER,water,0.240,0.303,0.225,0.417
stream,STREAM,water,0.064,0.035,0.088,0.093
lake,LAKE,water,0.669,0.945,0.382,0.437
dystrophic_lake,DYSTROPHIC_LAKE,water,0.038,0.234,0.045,0.227
land_forest_cover,,,99.23,99.00,97.40,97.58
pine_share_outwash_plain_interior_forest,,,,88.48,,86.60
pine_share_whole_outwash_plain_forest,,,,86.04,,82.74
