strefa,real_proc,rozgrywka_proc
brak,98.460,97.311
koryto,0.299,0.307
elodeidy,0.203,0.117
nymfeidy,0.026,0.031
szuwar,0.121,0.166
szuwar_ladowy,0.086,0.096
lacha,0.031,0.032
wiklina,0.132,0.663
okrajek,0.133,0.225
ziolorosla,0.172,0.245
wierzby,0.002,0.001
lozowisko,0.092,0.100
kamieniec,0.006,0.014
ziolorosla_gorskie,0.001,0.000
zrodlisko,0.210,0.343
plo,0.005,0.010
olsza_brzeg,0.004,0.000
kidzina,0.006,0.187
wydma_inicjalna,0.000,0.024
klif_sciana,0.003,0.071
klif_korona,0.003,0.053
granica_lasu,0.000,0.000
szpaler,0.000,0.000
