id,nazwa,grupa,real_proc,real_sandr_proc,rozgrywka_proc,rozgrywka_sandr_proc
bor_suchy,Bór suchy,lesny,0.294,1.683,1.165,6.043
bor_swiezy,Bór świeży,lesny,11.431,51.137,10.517,44.256
bor_bazynowy,Nadmorski bór bażynowy,lesny,0.054,0.344,1.722,10.758
bor_wilgotny,Bór wilgotny,lesny,1.664,8.647,0.930,2.717
bor_bagienny,Bór bagienny,lesny,0.494,1.206,0.509,0.774
bor_mieszany,Bór mieszany,lesny,10.560,23.434,9.691,19.750
las_mieszany,Las mieszany,lesny,11.626,3.031,10.939,3.202
grad,Grąd,lesny,22.999,0.391,23.473,0.538
buczyna_nizinna,Buczyna niżowa,lesny,3.722,0.347,4.854,0.313
ols,Ols,lesny,2.462,1.143,0.950,0.606
leg_jesionowo_olszowy,Łęg jesionowo-olszowy,lesny,1.991,1.642,2.321,2.456
leg_wierzbowo_topolowy,Łęg wierzbowo-topolowy,lesny,0.511,0.773,1.234,1.774
leg_wiazowo_jesionowy,Łęg wiązowo-jesionowy,lesny,2.009,3.728,1.596,2.484
jedlina_wyzynna,Wyżynna jedlina i buczyna,lesny,3.588,0.000,2.881,0.000
buczyna_gorska,Buczyna karpacka,lesny,0.673,0.000,0.420,0.000
swierczyna_gorska,Świerczyna górska,lesny,0.004,0.000,0.013,0.000
olszyna_gorska,Olszyna górska,lesny,0.449,0.009,0.463,0.144
kosodrzewina,Kosodrzewina,lesny,0.000,0.000,0.000,0.000
torfowisko_wysokie,Torfowisko wysokie,nielesny,0.130,0.133,0.081,0.100
torfowisko_niskie,Torfowisko niskie i przejściowe,nielesny,0.018,0.006,0.047,0.000
szuwar,Szuwar,nielesny,0.138,0.107,0.116,0.104
wikliny,Wikliny nadrzeczne,nielesny,0.083,0.076,0.003,0.016
wrzosowisko,Wrzosowisko i murawa napiaskowa,nielesny,0.098,0.562,0.394,2.183
laka_wilgotna,Łąka wilgotna,nielesny,0.000,0.000,0.000,0.000
laka_swieza,Łąka świeża i polana,nielesny,0.000,0.000,0.000,0.000
pole,Pole,nielesny,0.000,0.000,0.000,0.000
plaza,Plaża,nielesny,0.010,0.000,0.277,0.000
wydma_biala,Wydma biała,nielesny,0.000,0.000,0.015,0.000
wydma_szara,Wydma szara,nielesny,0.000,0.000,0.003,0.000
hala,Piętro alpejskie,nielesny,0.000,0.000,0.000,0.000
morze,Morze,wodny,23.988,0.000,24.206,0.000
zalew,Zalew,wodny,0.004,0.000,0.023,0.000
rzeka,Rzeka,wodny,0.233,0.297,0.221,0.405
potok,Potok,wodny,0.066,0.038,0.086,0.104
jezioro,Jezioro,wodny,0.658,1.039,0.774,0.859
jezioro_dystroficzne,Jezioro dystroficzne,wodny,0.037,0.227,0.073,0.413
lesistosc_ladu,,,99.36,99.10,98.74,97.55
bory_w_lesie_wnetrza_sandru,,,,88.65,,87.98
