zone,real_pct,gameplay_pct
none,98.311,97.637
channel,0.305,0.313
submerged_plants,0.231,0.201
floating_leaved_plants,0.026,0.028
reedbed,0.148,0.224
shore_reedbed,0.117,0.074
point_bar,0.026,0.031
willow_scrub,0.148,0.472
herb_fringe,0.149,0.229
tall_herbs,0.165,0.218
riverside_willows,0.001,0.001
willow_carr,0.145,0.045
gravel_bar,0.005,0.002
montane_tall_herbs,0.000,0.000
spring_area,0.202,0.218
floating_mat,0.006,0.008
shore_alders,0.003,0.000
strandline,0.007,0.183
embryo_dune,0.002,0.068
cliff_face,0.000,0.024
cliff_top,0.000,0.020
timberline,0.000,0.000
tree_row,0.000,0.000
